{
    "utterances": [
        {
            "text": "HAHA",
            "entities": [],
            "traits": [
                {
                    "trait": "wit$sentiment",
                    "value": "positive"
                }
            ],
            "intent": "opinion"
        },
        {
            "text": "Hello",
            "entities": [],
            "traits": [
                {
                    "trait": "wit$greetings",
                    "value": "true"
                }
            ],
            "intent": "greet"
        },
        {
            "text": "bad",
            "entities": [],
            "traits": [
                {
                    "trait": "wit$sentiment",
                    "value": "negative"
                }
            ],
            "intent": "opinion"
        },
        {
            "text": "bad joke",
            "entities": [],
            "traits": [
                {
                    "trait": "wit$sentiment",
                    "value": "negative"
                }
            ],
            "intent": "opinion"
        },
        {
            "text": "haha",
            "entities": [],
            "traits": [
                {
                    "trait": "wit$sentiment",
                    "value": "positive"
                }
            ],
            "intent": "opinion"
        },
        {
            "text": "hello!",
            "entities": [],
            "traits": [
                {
                    "trait": "wit$greetings",
                    "value": "true"
                }
            ],
            "intent": "greet"
        },
        {
            "text": "hi",
            "entities": [],
            "traits": [
                {
                    "trait": "wit$greetings",
                    "value": "true"
                }
            ],
            "intent": "greet"
        },
        {
            "text": "hilarious",
            "entities": [],
            "traits": [
                {
                    "trait": "wit$sentiment",
                    "value": "positive"
                }
            ],
            "intent": "opinion"
        },
        {
            "text": "i want to hear a joke about chuck",
            "entities": [
                {
                    "entity": "category:category",
                    "start": 28,
                    "end": 33,
                    "body": "chuck",
                    "entities": []
                }
            ],
            "traits": [
                {
                    "trait": "getJoke",
                    "value": "true"
                }
            ],
            "intent": "joky"
        },
        {
            "text": "let's hear a joke about chuck norris",
            "entities": [
                {
                    "entity": "category:category",
                    "start": 24,
                    "end": 36,
                    "body": "chuck norris",
                    "entities": []
                }
            ],
            "traits": [
                {
                    "trait": "getJoke",
                    "value": "true"
                }
            ],
            "intent": "joky"
        },
        {
            "text": "lol",
            "entities": [],
            "traits": [
                {
                    "trait": "wit$sentiment",
                    "value": "positive"
                }
            ],
            "intent": "opinion"
        },
        {
            "text": "so funny",
            "entities": [],
            "traits": [
                {
                    "trait": "wit$sentiment",
                    "value": "positive"
                }
            ],
            "intent": "opinion"
        },
        {
            "text": "tell me a joke",
            "entities": [],
            "traits": [
                {
                    "trait": "getJoke",
                    "value": "true"
                }
            ],
            "intent": "joky"
        },
        {
            "text": "tell me a joke about Chuck",
            "entities": [
                {
                    "entity": "category:category",
                    "start": 21,
                    "end": 26,
                    "body": "Chuck",
                    "entities": []
                }
            ],
            "traits": [
                {
                    "trait": "getJoke",
                    "value": "true"
                }
            ],
            "intent": "joky"
        },
        {
            "text": "tell me a joke about chuck!",
            "entities": [
                {
                    "entity": "category:category",
                    "start": 21,
                    "end": 26,
                    "body": "chuck",
                    "entities": []
                }
            ],
            "traits": [
                {
                    "trait": "getJoke",
                    "value": "true"
                }
            ],
            "intent": "joky"
        },
        {
            "text": "tell me a joke about chuck?",
            "entities": [
                {
                    "entity": "category:category",
                    "start": 21,
                    "end": 26,
                    "body": "chuck",
                    "entities": []
                }
            ],
            "traits": [
                {
                    "trait": "getJoke",
                    "value": "true"
                }
            ],
            "intent": "joky"
        },
        {
            "text": "tell me a joke about tech",
            "entities": [
                {
                    "entity": "category:category",
                    "start": 21,
                    "end": 25,
                    "body": "tech",
                    "entities": []
                }
            ],
            "traits": [
                {
                    "trait": "getJoke",
                    "value": "true"
                }
            ],
            "intent": "joky"
        },
        {
            "text": "tell me a joke about technology",
            "entities": [
                {
                    "entity": "category:category",
                    "start": 21,
                    "end": 31,
                    "body": "technology",
                    "entities": []
                }
            ],
            "traits": [
                {
                    "trait": "getJoke",
                    "value": "true"
                }
            ],
            "intent": "joky"
        },
        {
            "text": "tell me something funny",
            "entities": [],
            "traits": [
                {
                    "trait": "getJoke",
                    "value": "true"
                }
            ],
            "intent": "joky"
        },
        {
            "text": "that's horrible",
            "entities": [],
            "traits": [
                {
                    "trait": "wit$sentiment",
                    "value": "negative"
                }
            ],
            "intent": "opinion"
        },
        {
            "text": "thats funny",
            "entities": [],
            "traits": [
                {
                    "trait": "wit$sentiment",
                    "value": "positive"
                }
            ],
            "intent": "opinion"
        },
        {
            "text": "this sucks",
            "entities": [],
            "traits": [
                {
                    "trait": "wit$sentiment",
                    "value": "negative"
                }
            ],
            "intent": "opinion"
        }
    ]
}
