{
    "utterances": [
        {
            "text": "hello",
            "entities": [],
            "traits": [
                {
                    "trait": "wit$greetings",
                    "value": "true"
                }
            ],
            "intent": "greet"
        },
        {
            "text": "hey",
            "entities": [],
            "traits": [
                {
                    "trait": "wit$greetings",
                    "value": "true"
                }
            ],
            "intent": "greet"
        },
        {
            "text": "tomorrow 5 years old",
            "entities": [
                {
                    "entity": "wit$datetime:datetime",
                    "start": 0,
                    "end": 8,
                    "body": "tomorrow",
                    "entities": []
                },
                {
                    "entity": "wit$age_of_person:age_of_person",
                    "start": 9,
                    "end": 16,
                    "body": "5 years",
                    "entities": []
                }
            ],
            "traits": [],
            "intent": "aging"
        }
    ]
}
